entity,country_code
안도라,AD
Andorra,AD
安道尔,AD
アンドラ,AD
อันดอร์รา,AD
अण्डोरा,AD
Andora,AD
Andorre,AD
아랍에미리트,AE
United Arab Emirates,AE
阿拉伯联合酋长国,AE
アラブ首長国連邦,AE
สหรัฐอาหรับเอมิเรตส์,AE
संयुक्त अरब अमीरात,AE
Zjednoczone Emiraty Arabskie,AE
Các Tiểu vương quốc Ả Rập Thống nhất,AE
Emirados Árabes Unidos,AE
Emiratos Árabes Unidos,AE
Émirats arabes unis,AE
Emirati Arabi Uniti,AE
Vereinigte Arabische Emirate,AE
아프가니스탄,AF
Afghanistan,AF
阿富汗,AF
アフガニスタン,AF
อัฟกานิสถาน,AF
अफ़ग़ानिस्तान,AF
Afganistan,AF
Afeganistão,AF
Afganistán,AF
앤티가 바부다,AG
Antigua and Barbuda,AG
安提瓜和巴布达,AG
アンティグア・バーブーダ,AG
แอนติกาและบาร์บูดา,AG
एन्टीगुआ और बारबूडा,AG
Antigua i Barbuda,AG
Antigua và Barbuda,AG
Antígua e Barbuda,AG
Antigua y Barbuda,AG
Antigua-et-Barbuda,AG
Antigua e Barbuda,AG
Antigua und Barbuda,AG
앵귈라,AI
Anguilla,AI
安圭拉,AI
アンギラ,AI
แองกวิลลา,AI
एंगुइला,AI
Anguila,AI
알바니아,AL
Albania,AL
阿尔巴尼亚,AL
アルバニア,AL
แอลเบเนีย,AL
अल्बानिया,AL
Albânia,AL
Albanie,AL
Albanien,AL
아르메니아,AM
Armenia,AM
亚美尼亚,AM
アルメニア,AM
อาร์เมเนีย,AM
आर्मेनिया,AM
Arménia,AM
Arménie,AM
Armenien,AM
앙골라,AO
Angola,AO
安哥拉,AO
アンゴラ,AO
แองโกลา,AO
अंगोला,AO
남극,AQ
Antarctica,AQ
南极洲,AQ
南極大陸,AQ
แอนตาร์กติกา,AQ
अंटार्कटिका,AQ
Antarktyda,AQ
Nam Cực,AQ
Antártida,AQ
Antarctique,AQ
Antartide,AQ
Antarktis,AQ
아르헨티나,AR
Argentina,AR
阿根廷,AR
アルゼンチン,AR
อาร์เจนตินา,AR
अर्जेंटीना,AR
Argentyna,AR
Argentine,AR
Argentinien,AR
아메리칸사모아,AS
American Samoa,AS
美属萨摩亚,AS
アメリカ領サモア,AS
อเมริกันซามัว,AS
अमेरिकी समोआ,AS
Samoa Amerykańskie,AS
Samoa thuộc Mỹ,AS
Samoa Americana,AS
Samoa américaines,AS
Samoa Americane,AS
Amerikanisch-Samoa,AS
오스트리아,AT
Austria,AT
奥地利,AT
オーストリア,AT
ออสเตรีย,AT
ऑस्ट्रिया,AT
Áo,AT
Áustria,AT
Autriche,AT
Österreich,AT
호주,AU
Australia,AU
澳大利亚,AU
オーストラリア,AU
ออสเตรเลีย,AU
ऑस्ट्रेलिया,AU
Úc,AU
Austrália,AU
Australie,AU
Australien,AU
아루바,AW
Aruba,AW
阿鲁巴,AW
アルバ,AW
อารูบา,AW
अरूबा,AW
올란드 제도,AX
Aland Islands,AX
奥兰群岛,AX
オーランド諸島,AX
หมู่เกาะโอลันด์,AX
ऑलान्द द्वीपसमूह,AX
Wyspy Alandzkie,AX
Quần đảo Åland,AX
Ilhas Åland,AX
Islas de Åland,AX
Îles d'Aland,AX
Isole Åland,AX
Ålandinseln,AX
아제르바이잔,AZ
Azerbaijan,AZ
阿塞拜疆,AZ
アゼルバイジャン,AZ
อาเซอร์ไบจาน,AZ
अज़रबैजान,AZ
Azerbejdżan,AZ
Azerbaijão,AZ
Azerbaiyán,AZ
Azerbaïdjan,AZ
Azerbaigian,AZ
Aserbaidschan,AZ
보스니아 헤르체고비나,BA
Bosnia and Herzegovina,BA
波斯尼亚和黑塞哥维那,BA
ボスニア・ヘルツェゴビナ,BA
บอสเนียและเฮอร์เซโกวีนา,BA
बोस्निया और हर्ज़ेगोविना,BA
Bośnia i Hercegowina,BA
Bosna và Hercegovina,BA
Bósnia e Herzegovina,BA
Bosnia y Herzegovina,BA
Bosnie-Herzégovine,BA
Bosnia ed Erzegovina,BA
Bosnien und Herzegowina,BA
바베이도스,BB
Barbados,BB
巴巴多斯,BB
バルバドス,BB
บาร์เบโดส,BB
बारबाडोस,BB
Barbade,BB
방글라데시,BD
Bangladesh,BD
孟加拉国,BD
バングラデシュ,BD
บังกลาเทศ,BD
बांग्लादेश,BD
Bangladesz,BD
Bangladés,BD
Bangladesch,BD
벨기에,BE
Belgium,BE
比利时,BE
ベルギー,BE
เบลเยียม,BE
बेल्जियम,BE
Belgia,BE
Bỉ,BE
Bélgica,BE
Belgique,BE
Belgio,BE
Belgien,BE
부르키나파소,BF
Burkina Faso,BF
布基纳法索,BF
ブルキナファソ,BF
บูร์กินาฟาโซ,BF
बुर्किना फासो,BF
Burquina Faso,BF
불가리아,BG
Bulgaria,BG
保加利亚,BG
ブルガリア,BG
บัลแกเรีย,BG
बुल्गारिया,BG
Bułgaria,BG
Bulgária,BG
Bulgarie,BG
Bulgarien,BG
바레인,BH
Bahrain,BH
巴林,BH
バーレーン,BH
บาห์เรน,BH
बहरीन,BH
Bahrajn,BH
Bahrein,BH
Baréin,BH
Bahreïn,BH
부룬디,BI
Burundi,BI
布隆迪,BI
ブルンジ,BI
บุรุนดี,BI
बुरुण्डी,BI
베냉,BJ
Benin,BJ
贝宁,BJ
ベナン,BJ
เบนิน,BJ
बेनिन,BJ
Bénin,BJ
Benim,BJ
Benín,BJ
생바르텔레미,BL
Saint Barthelemy,BL
圣巴泰勒米,BL
サン・バルテルミー,BL
แซ็ง-บาร์เตเลมี,BL
सेंट बार्थेलेमी,BL
Saint-Barthélemy,BL
São Bartolomeu,BL
San Bartolomé,BL
버뮤다,BM
Bermuda,BM
百慕大,BM
バミューダ,BM
เบอร์มิวดา,BM
बरमूडा,BM
Bermudy,BM
Bermudas,BM
Bermudes,BM
브루나이,BN
Brunei,BN
文莱,BN
ブルネイ,BN
บรูไน,BN
ब्रुनेई,BN
Brunéi,BN
볼리비아,BO
Bolivia,BO
玻利维亚,BO
ボリビア,BO
โบลิเวีย,BO
बोलीविया,BO
Boliwia,BO
Bolívia,BO
Bolivie,BO
Bolivien,BO
보네르,BQ
Bonaire,BQ
博奈尔,BQ
ボネール,BQ
โบแนเรอ,BQ
बोनेयर,BQ
브라질,BR
Brazil,BR
巴西,BR
ブラジル,BR
บราซิล,BR
ब्राज़ील,BR
Brazylia,BR
Brasil,BR
Brésil,BR
Brasile,BR
Brasilien,BR
바하마,BS
Bahamas,BS
巴哈马,BS
バハマ,BS
บาฮามาส,BS
बहामास,BS
Bahamy,BS
부탄,BT
Bhutan,BT
不丹,BT
ブータン,BT
ภูฏาน,BT
भूटान,BT
Butão,BT
Bután,BT
Bhoutan,BT
부베섬,BV
Bouvet Island,BV
布维岛,BV
ブーベ島,BV
เกาะบูเว,BV
बूβε द्वीप,BV
Wyspa Bouveta,BV
Đảo Bouvet,BV
Ilha Bouvet,BV
Isla Bouvet,BV
Île Bouvet,BV
Isola Bouvet,BV
Bouvetinsel,BV
보츠와나,BW
Botswana,BW
博茨瓦纳,BW
ボツワナ,BW
บอตสวานา,BW
बोत्सवाना,BW
Botsuana,BW
벨라루스,BY
Belarus,BY
白俄罗斯,BY
ベラルーシ,BY
เบลารุส,BY
बेलारूस,BY
Białoruś,BY
Bielorrússia,BY
Bielorrusia,BY
Bélarus,BY
Bielorussia,BY
벨리즈,BZ
Belize,BZ
伯利兹,BZ
ベリーズ,BZ
เบลีซ,BZ
बेलीज़,BZ
Belice,BZ
캐나다,CA
Canada,CA
加拿大,CA
カナダ,CA
แคนาดา,CA
कनाडा,CA
Kanada,CA
Canadá,CA
코코스 제도,CC
Cocos Islands,CC
科科斯群岛,CC
ココス諸島,CC
หมู่เกาะโคโคส,CC
कोकोस द्वीपसमूह,CC
Wyspy Kokosowe,CC
Quần đảo Cocos,CC
Ilhas Cocos,CC
Islas Cocos,CC
Îles Cocos,CC
Isole Cocos,CC
Kokosinseln,CC
콩고 민주 공화국,CD
Democratic Republic of the Congo,CD
刚果民主共和国,CD
コンゴ民主共和国,CD
สาธารณรัฐประชาธิปไตยคองโก,CD
कांगो लोकतान्त्रिक गणराज्य,CD
Demokratyczna Republika Konga,CD
Cộng hòa Dân chủ Congo,CD
República Democrática do Congo,CD
República Democrática del Congo,CD
République démocratique du Congo,CD
Repubblica Democratica del Congo,CD
Demokratische Republik Kongo,CD
중앙아프리카 공화국,CF
Central African Republic,CF
中非共和国,CF
中央アフリカ共和国,CF
สาธารณรัฐแอฟริกากลาง,CF
मध्य अफ़्रीकी गणराज्य,CF
Republika Środkowoafrykańska,CF
Cộng hòa Trung Phi,CF
República Centro-Africana,CF
República Centroafricana,CF
République centrafricaine,CF
Repubblica Centrafricana,CF
Zentralafrikanische Republik,CF
콩고 공화국,CG
Republic of the Congo,CG
刚果共和国,CG
コンゴ共和国,CG
สาธารณรัฐคองโก,CG
कांगो गणराज्य,CG
Republika Konga,CG
Cộng hòa Congo,CG
República do Congo,CG
República del Congo,CG
République du Congo,CG
Repubblica del Congo,CG
Republik Kongo,CG
스위스,CH
Switzerland,CH
瑞士,CH
スイス,CH
สวิตเซอร์แลนด์,CH
स्विट्ज़रलैंड,CH
Szwajcaria,CH
Thụy Sĩ,CH
Suíça,CH
Suiza,CH
Suisse,CH
Svizzera,CH
Schweiz,CH
코트디부아르,CI
Côte d'Ivoire,CI
科特迪瓦,CI
コートジボワール,CI
โกตดิวัวร์,CI
कोत दीवुआर,CI
Wybrzeże Kości Słoniowej,CI
Bờ Biển Ngà,CI
Costa do Marfim,CI
Costa de Marfil,CI
Costa d'Avorio,CI
쿡 제도,CK
Cook Islands,CK
库克群岛,CK
クック諸島,CK
หมู่เกาะคุก,CK
कुक द्वीपसमूह,CK
Wyspy Cooka,CK
Quần đảo Cook,CK
Ilhas Cook,CK
Islas Cook,CK
Îles Cook,CK
Isole Cook,CK
Cookinseln,CK
칠레,CL
Chile,CL
智利,CL
チリ,CL
ชิลี,CL
चिली,CL
Chili,CL
Cile,CL
카메룬,CM
Cameroon,CM
喀麦隆,CM
カメルーン,CM
แคเมอรูน,CM
कैमरून,CM
Kamerun,CM
Camarões,CM
Camerún,CM
Cameroun,CM
Camerun,CM
중국,CN
China,CN
中国,CN
จีน,CN
चीन,CN
Chiny,CN
Trung Quốc,CN
Chine,CN
Cina,CN
콜롬비아,CO
Colombia,CO
哥伦比亚,CO
コロンビア,CO
โคลอมเบีย,CO
कोलम्बिया,CO
Kolumbia,CO
Colômbia,CO
Colombie,CO
Kolumbien,CO
코스타리카,CR
Costa Rica,CR
哥斯达黎加,CR
コスタリカ,CR
คอสตาริกา,CR
कोस्टा रीका,CR
Kostaryka,CR
쿠바,CU
Cuba,CU
古巴,CU
キューバ,CU
คิวบา,CU
क्यूबा,CU
Kuba,CU
카보베르데,CV
Cabo Verde,CV
佛得角,CV
カーボベルデ,CV
กาบูเวร์ดี,CV
काबो वर्डे,CV
Republika Zielonego Przylądka,CV
Cap-Vert,CV
Capo Verde,CV
Kap Verde,CV
퀴라소,CW
Curacao,CW
库拉索,CW
キュラソー,CW
กือราเซา,CW
कुरासाओ,CW
Curaçao,CW
Curazao,CW
크리스마스섬,CX
Christmas Island,CX
圣诞岛,CX
クリスマス島,CX
เกาะคริสต์มาส,CX
क्रिसमस द्वीप,CX
Wyspa Bożego Narodzenia,CX
Đảo Giáng Sinh,CX
Ilha do Natal,CX
Isla de Navidad,CX
Île Christmas,CX
Isola di Natale,CX
Weihnachtsinsel,CX
키프로스,CY
Cyprus,CY
塞浦路斯,CY
キプロス,CY
ไซปรัส,CY
साइप्रस,CY
Cypr,CY
Síp,CY
Chipre,CY
Chypre,CY
Cipro,CY
Zypern,CY
체코,CZ
Czechia,CZ
捷克,CZ
チェコ,CZ
เช็กเกีย,CZ
चैकिया,CZ
Czechy,CZ
Séc,CZ
Chéquia,CZ
Chequia,CZ
Tchéquie,CZ
Cechia,CZ
Tschechien,CZ
독일,DE
Germany,DE
德国,DE
ドイツ,DE
เยอรมนี,DE
जर्मनी,DE
Niemcy,DE
Đức,DE
Alemanha,DE
Alemania,DE
Allemagne,DE
Germania,DE
Deutschland,DE
지부티,DJ
Djibouti,DJ
吉布提,DJ
ジブチ,DJ
จิบูตี,DJ
जिबूती,DJ
Dżibuti,DJ
Djibuti,DJ
Yibuti,DJ
Gibuti,DJ
Dschibuti,DJ
덴마크,DK
Denmark,DK
丹麦,DK
デンマーク,DK
เดนมาร์ก,DK
डेनमार्क,DK
Dania,DK
Đan Mạch,DK
Dinamarca,DK
Danemark,DK
Danimarca,DK
Dänemark,DK
도미니카,DM
Dominica,DM
多米尼克,DM
ドミニカ,DM
โดมินิกา,DM
डोमिनिका,DM
Dominika,DM
Dominique,DM
도미니카 공화국,DO
Dominican Republic,DO
多米尼加共和国,DO
ドミニカ共和国,DO
สาธารณรัฐโดมินิกัน,DO
डोमिनिकन गणराज्य,DO
Republika Dominikańska,DO
Cộng hòa Dominica,DO
República Dominicana,DO
République dominicaine,DO
Repubblica Dominicana,DO
Dominikanische Republik,DO
알제리,DZ
Algeria,DZ
阿尔及利亚,DZ
アルジェリア,DZ
แอลจีเรีย,DZ
अल्जीरिया,DZ
Algieria,DZ
Algérie,DZ
Argélia,DZ
Argelia,DZ
Algerien,DZ
에콰도르,EC
Ecuador,EC
厄瓜多尔,EC
エクアドル,EC
เอกวาดอร์,EC
इक्वाडोर,EC
Ekwador,EC
Equador,EC
Équateur,EC
에스토니아,EE
Estonia,EE
爱沙尼亚,EE
エストニア,EE
เอสโตเนีย,EE
एस्तोनिया,EE
Estónia,EE
Estonie,EE
Estland,EE
이집트,EG
Egypt,EG
埃及,EG
エジプト,EG
อียิปต์,EG
मिस्र,EG
Egipt,EG
Ai Cập,EG
Egito,EG
Egipto,EG
Égypte,EG
Egitto,EG
Ägypten,EG
서사하라,EH
Western Sahara,EH
西撒哈拉,EH
西サハラ,EH
ซาฮาราตะวันตก,EH
पश्चिमी सहारा,EH
Sahara Zachodnia,EH
Tây Sahara,EH
Saara Ocidental,EH
Sáhara Occidental,EH
Sahara occidental,EH
Sahara Occidentale,EH
Westsahara,EH
에리트레아,ER
Eritrea,ER
厄立特里亚,ER
エリトリア,ER
เอริเทรีย,ER
इरिट्रिया,ER
Erytrea,ER
Eritreia,ER
Érythrée,ER
스페인,ES
Spain,ES
西班牙,ES
スペイン,ES
สเปน,ES
स्पेन,ES
Hiszpania,ES
Tây Ban Nha,ES
Espanha,ES
España,ES
Espagne,ES
Spagna,ES
Spanien,ES
에티오피아,ET
Ethiopia,ET
埃塞俄比亚,ET
エチオピア,ET
เอธิโอเปีย,ET
इथियोपिया,ET
Etiopia,ET
Etiópia,ET
Etiopía,ET
Éthiopie,ET
Äthiopien,ET
핀란드,FI
Finland,FI
芬兰,FI
フィンランド,FI
ฟินแลนด์,FI
फ़िनलैंड,FI
Finlandia,FI
Phần Lan,FI
Finlândia,FI
Finlande,FI
Finnland,FI
피지,FJ
Fiji,FJ
斐济,FJ
フィジー,FJ
ฟีจี,FJ
फ़िजी,FJ
Fidżi,FJ
Fiyi,FJ
Fidji,FJ
Figi,FJ
Fidschi,FJ
포클랜드 제도,FK
Falkland Islands,FK
福克兰群岛,FK
フォークランド諸島,FK
หมู่เกาะฟอล์กแลนด์,FK
फ़ॉकलैंड द्वीपसमूह,FK
Falklandy,FK
Quần đảo Falkland,FK
Ilhas Malvinas,FK
Islas Malvinas,FK
Îles Malouines,FK
Isole Falkland,FK
Falklandinseln,FK
미크로네시아,FM
Micronesia,FM
密克罗尼西亚,FM
ミクロネシア,FM
ไมโครนีเชีย,FM
माइक्रोनेशिया,FM
Mikronezja,FM
Micronésia,FM
Micronésie,FM
Mikronesien,FM
페로 제도,FO
Faroe Islands,FO
法罗群岛,FO
フェロー諸島,FO
หมู่เกาะแฟโร,FO
फ़रो द्वीपसमूह,FO
Wyspy Owcze,FO
Quần đảo Faroe,FO
Ilhas Feroe,FO
Islas Feroe,FO
Îles Féroé,FO
Isole Færøer,FO
Färöer,FO
프랑스,FR
France,FR
法国,FR
フランス,FR
ฝรั่งเศส,FR
फ़्रांस,FR
Francja,FR
Pháp,FR
França,FR
Francia,FR
Frankreich,FR
가봉,GA
Gabon,GA
加蓬,GA
ガボン,GA
กาบอง,GA
गैबॉन,GA
Gabão,GA
Gabón,GA
Gabun,GA
영국,GB
United Kingdom,GB
英国,GB
イギリス,GB
สหราชอาณาจักร,GB
यूनाइटेड किंगडम,GB
Wielka Brytania,GB
Vương quốc Anh,GB
Reino Unido,GB
Royaume-Uni,GB
Regno Unito,GB
Vereinigtes Königreich,GB
그레나다,GD
Grenada,GD
格林纳达,GD
グレナダ,GD
เกรเนดา,GD
ग्रेनेडा,GD
Granada,GD
Grenade,GD
조지아,GE
Georgia,GE
格鲁吉亚,GE
ジョージア,GE
จอร์เจีย,GE
जॉर्जिया,GE
Gruzja,GE
Gruzia,GE
Geórgia,GE
Géorgie,GE
Georgien,GE
프랑스령 기아나,GF
French Guiana,GF
法属圭亚那,GF
フランス領ギアナ,GF
เฟรนช์เกียนา,GF
फ़्रान्सीसी गुयाना,GF
Gujana Francuska,GF
Guyane thuộc Pháp,GF
Guiana Francesa,GF
Guayana Francesa,GF
Guyane française,GF
Guyana francese,GF
Französisch-Guayana,GF
건지,GG
Guernsey,GG
根西,GG
ガーンジー,GG
เกิร์นซีย์,GG
ग्वेर्नसे,GG
Guernesey,GG
가나,GH
Ghana,GH
加纳,GH
ガーナ,GH
กานา,GH
घाना,GH
Gana,GH
지브롤터,GI
Gibraltar,GI
直布罗陀,GI
ジブラルタル,GI
ยิบรอลตาร์,GI
जिब्राल्टर,GI
Gibilterra,GI
그린란드,GL
Greenland,GL
格陵兰,GL
グリーンランド,GL
กรีนแลนด์,GL
ग्रीनलैंड,GL
Grenlandia,GL
Groenlândia,GL
Groenlandia,GL
Groenland,GL
Grönland,GL
감비아,GM
Gambia,GM
冈比亚,GM
ガンビア,GM
แกมเบีย,GM
गाम्बिया,GM
Gâmbia,GM
Gambie,GM
기니,GN
Guinea,GN
几内亚,GN
ギニア,GN
กินี,GN
गिनी,GN
Gwinea,GN
Guinée,GN
Guiné,GN
과들루프,GP
Guadeloupe,GP
瓜德罗普,GP
グアドループ,GP
กัวเดอลุป,GP
ग्वाडेलोप,GP
Gwadelupa,GP
Guadalupe,GP
Guadalupa,GP
적도 기니,GQ
Equatorial Guinea,GQ
赤道几内亚,GQ
赤道ギニア,GQ
อิเควทอเรียลกินี,GQ
भूमध्यरेखीय गिनी,GQ
Gwinea Równikowa,GQ
Guiné Xích đạo,GQ
Guiné Equatorial,GQ
Guinea Ecuatorial,GQ
Guinée équatoriale,GQ
Guinea Equatoriale,GQ
Äquatorialguinea,GQ
그리스,GR
Greece,GR
希腊,GR
ギリシャ,GR
กรีซ,GR
यूनान,GR
Grecja,GR
Hy Lạp,GR
Grécia,GR
Grecia,GR
Grèce,GR
Griechenland,GR
사우스조지아 사우스샌드위치 제도,GS
South Georgia and the South Sandwich Islands,GS
南乔治亚和南桑威奇群岛,GS
サウスジョージア・サウスサンドウィッチ諸島,GS
เกาะเซาท์จอร์เจียและหมู่เกาะเซาท์แซนด์วิช,GS
दक्षिण जॉर्जिया एवं दक्षिण सैंडविच द्वीपसमूह,GS
Georgia Południowa i Sandwich Południowy,GS
Nam Georgia và Quần đảo Nam Sandwich,GS
Ilhas Geórgia do Sul e Sandwich do Sul,GS
Islas Georgias del Sur y Sandwich del Sur,GS
Géorgie du Sud-et-les Îles Sandwich du Sud,GS
Georgia del Sud e Isole Sandwich Australi,GS
Südgeorgien und die Südlichen Sandwichinseln,GS
과테말라,GT
Guatemala,GT
危地马拉,GT
グアテマラ,GT
กัวเตมาลา,GT
ग्वाटेमाला,GT
Gwatemala,GT
괌,GU
Guam,GU
关岛,GU
グアム,GU
กวม,GU
गुआम,GU
기니비사우,GW
Guinea-Bissau,GW
几内亚比绍,GW
ギニアビサウ,GW
กินี-บิสเซา,GW
गिनी-बिसाउ,GW
Gwinea Bissau,GW
Guiné-Bissau,GW
Guinea-Bisáu,GW
Guinée-Bissau,GW
가이아나,GY
Guyana,GY
圭亚那,GY
ガイアナ,GY
กายอานา,GY
गुयाना,GY
Gujana,GY
Guiana,GY
허드 맥도널드 제도,HM
Heard Island and McDonald Islands,HM
赫德岛和麦克唐纳群岛,HM
ハード島とマクドナルド諸島,HM
เกาะเฮิร์ดและหมู่เกาะแมกดอนัลด์,HM
हर्ड द्वीप और मैकडॉनल्ड द्वीप,HM
Wyspy Heard i McDonalda,HM
Quần đảo Heard và quần đảo McDonald,HM
Ilha Heard e Ilhas McDonald,HM
Islas Heard y McDonald,HM
Îles Heard-et-MacDonald,HM
Isole Heard e McDonald,HM
Heard und McDonaldinseln,HM
온두라스,HN
Honduras,HN
洪都拉斯,HN
ホンジュラス,HN
ฮอนดูรัส,HN
होंडुरास,HN
크로아티아,HR
Croatia,HR
克罗地亚,HR
クロアチア,HR
โครเอเชีย,HR
क्रोएशिया,HR
Chorwacja,HR
Croácia,HR
Croacia,HR
Croatie,HR
Croazia,HR
Kroatien,HR
아이티,HT
Haiti,HT
海地,HT
ハイチ,HT
เฮติ,HT
हैती,HT
Haití,HT
Haïti,HT
헝가리,HU
Hungary,HU
匈牙利,HU
ハンガリー,HU
ฮังการี,HU
हंगरी,HU
Węgry,HU
Hungria,HU
Hungría,HU
Hongrie,HU
Ungheria,HU
Ungarn,HU
인도네시아,ID
Indonesia,ID
印度尼西亚,ID
インドネシア,ID
อินโดนีเซีย,ID
इंडोनेशिया,ID
Indonezja,ID
Indonésia,ID
Indonésie,ID
Indonesien,ID
아일랜드,IE
Ireland,IE
爱尔兰,IE
アイルランド,IE
ไอร์แลนด์,IE
आयरलैंड,IE
Irlandia,IE
Irlanda,IE
Irlande,IE
Irland,IE
이스라엘,IL
Israel,IL
以色列,IL
イスラエル,IL
อิสราเอล,IL
इज़राइल,IL
Izrael,IL
Israël,IL
Israele,IL
맨섬,IM
Isle of Man,IM
马恩岛,IM
マン島,IM
เกาะแมน,IM
आइल ऑफ़ मैन,IM
Wyspa Man,IM
Đảo Man,IM
Ilha de Man,IM
Isla de Man,IM
Île de Man,IM
Isola di Man,IM
인도,IN
India,IN
印度,IN
インド,IN
อินเดีย,IN
भारत,IN
Indie,IN
Ấn Độ,IN
Índia,IN
Inde,IN
Indien,IN
영국령 인도양 지역,IO
British Indian Ocean Territory,IO
英属印度洋领地,IO
イギリス領インド洋地域,IO
บริติชอินเดียนโอเชียนเทร์ริทอรี,IO
ब्रिटिश हिंद महासागर क्षेत्र,IO
Brytyjskie Terytorium Oceanu Indyjskiego,IO
Lãnh thổ Ấn Độ Dương thuộc Anh,IO
Território Britânico do Oceano Índico,IO
Territorio Británico del Océano Índico,IO
Territoire britannique de l'océan Indien,IO
Territorio britannico dell'Oceano Indiano,IO
Britisches Territorium im Indischen Ozean,IO
이라크,IQ
Iraq,IQ
伊拉克,IQ
イラク,IQ
อิรัก,IQ
इराक़,IQ
Irak,IQ
Iraque,IQ
이란,IR
Iran,IR
伊朗,IR
イラン,IR
อิหร่าน,IR
ईरान,IR
Irã,IR
Irán,IR
아이슬란드,IS
Iceland,IS
冰岛,IS
アイスランド,IS
ไอซ์แลนด์,IS
आइसलैंड,IS
Islandia,IS
Islândia,IS
Islande,IS
Islanda,IS
Island,IS
이탈리아,IT
Italy,IT
意大利,IT
イタリア,IT
อิตาลี,IT
इटली,IT
Włochy,IT
Ý,IT
Itália,IT
Italia,IT
Italie,IT
Italien,IT
저지,JE
Jersey,JE
泽西,JE
ジャージー,JE
เจอร์ซีย์,JE
जर्ज़ी,JE
자메이카,JM
Jamaica,JM
牙买加,JM
ジャマイカ,JM
จาเมกา,JM
जमैका,JM
Jamajka,JM
Jamaïque,JM
Giamaica,JM
Jamaika,JM
요르단,JO
Jordan,JO
约旦,JO
ヨルダン,JO
จอร์แดน,JO
जॉर्डन,JO
Jordania,JO
Jordânia,JO
Jordanie,JO
Giordania,JO
Jordanien,JO
일본,JP
Japan,JP
日本,JP
ญี่ปุ่น,JP
जापान,JP
Japonia,JP
Nhật Bản,JP
Japão,JP
Japón,JP
Japon,JP
Giappone,JP
케냐,KE
Kenya,KE
肯尼亚,KE
ケニア,KE
เคนยา,KE
केन्या,KE
Kenia,KE
Quênia,KE
키르기스스탄,KG
Kyrgyzstan,KG
吉尔吉斯斯坦,KG
キルギス,KG
คีร์กีซสถาน,KG
किर्गिज़स्तान,KG
Kirgistan,KG
Quirguistão,KG
Kirguistán,KG
Kirghizistan,KG
Kirgisistan,KG
캄보디아,KH
Cambodia,KH
柬埔寨,KH
カンボジア,KH
กัมพูชา,KH
कंबोडिया,KH
Kambodża,KH
Campuchia,KH
Camboja,KH
Camboya,KH
Cambodge,KH
Cambogia,KH
Kambodscha,KH
키리바시,KI
Kiribati,KI
基里巴斯,KI
キリバス,KI
คิริบาส,KI
किरिबाती,KI
코모로,KM
Comoros,KM
科摩罗,KM
コモロ,KM
คอโมโรส,KM
कोमोरोस,KM
Komory,KM
Comores,KM
Comoras,KM
Comore,KM
Komoren,KM
세인트키츠 네비스,KN
Saint Kitts and Nevis,KN
圣基茨和尼维斯,KN
セントキッツ・ネイビス,KN
เซนต์คิตส์และเนวิส,KN
सेंट किट्स और नेविस,KN
Saint Kitts i Nevis,KN
Saint Kitts và Nevis,KN
São Cristóvão e Neves,KN
San Cristóbal y Nieves,KN
Saint-Christophe-et-Niévès,KN
Saint Kitts e Nevis,KN
St. Kitts und Nevis,KN
북한,KP
North Korea,KP
朝鲜,KP
北朝鮮,KP
เกาหลีเหนือ,KP
उत्तर कोरिया,KP
Korea Północna,KP
Triều Tiên,KP
Coreia do Norte,KP
Corea del Norte,KP
Corée du Nord,KP
Corea del Nord,KP
Nordkorea,KP
한국,KR
South Korea,KR
韩国,KR
韓国,KR
เกาหลีใต้,KR
दक्षिण कोरिया,KR
Korea Południowa,KR
Hàn Quốc,KR
Coreia do Sul,KR
Corea del Sur,KR
Corée du Sud,KR
Corea del Sud,KR
Südkorea,KR
코소보,XK
Kosovo,XK
科索沃,XK
コソボ,XK
คอซอวอ,XK
कोसोवो,XK
Kosowo,XK
쿠웨이트,KW
Kuwait,KW
科威特,KW
クウェート,KW
คูเวต,KW
कुवैत,KW
Kuwejt,KW
Koweït,KW
케이맨 제도,KY
Cayman Islands,KY
开曼群岛,KY
ケイマン諸島,KY
หมู่เกาะเคย์แมน,KY
केमैन द्वीपसमूह,KY
Kajmany,KY
Quần đảo Cayman,KY
Ilhas Cayman,KY
Islas Caimán,KY
Îles Caïmans,KY
Isole Cayman,KY
Kaimaninseln,KY
카자흐스탄,KZ
Kazakhstan,KZ
哈萨克斯坦,KZ
カザフスタン,KZ
คาซัคสถาน,KZ
कज़ाख़िस्तान,KZ
Kazachstan,KZ
Cazaquistão,KZ
Kazajistán,KZ
Kazakistan,KZ
Kasachstan,KZ
라오스,LA
Laos,LA
老挝,LA
ラオス,LA
ลาว,LA
लाओस,LA
Lào,LA
레바논,LB
Lebanon,LB
黎巴嫩,LB
レバノン,LB
เลบานอน,LB
लेबनान,LB
Liban,LB
Líbano,LB
Libano,LB
Libanon,LB
세인트루시아,LC
Saint Lucia,LC
圣卢西亚,LC
セントルシア,LC
เซนต์ลูเชีย,LC
सेंट लूसिया,LC
Santa Lúcia,LC
Santa Lucía,LC
Sainte-Lucie,LC
St. Lucia,LC
리히텐슈타인,LI
Liechtenstein,LI
列支敦士登,LI
リヒテンシュタイン,LI
ลิกเตนสไตน์,LI
लिक़्टेन्श्टाइन,LI
스리랑카,LK
Sri Lanka,LK
斯里兰卡,LK
スリランカ,LK
ศรีลังกา,LK
श्रीलंका,LK
라이베리아,LR
Liberia,LR
利比里亚,LR
リベリア,LR
ไลบีเรีย,LR
लाइबेरिया,LR
Libéria,LR
레소토,LS
Lesotho,LS
莱索托,LS
レソト,LS
เลโซโท,LS
लेसोथो,LS
Lesoto,LS
리투아니아,LT
Lithuania,LT
立陶宛,LT
リトアニア,LT
ลิทัวเนีย,LT
लिथुआनिया,LT
Litwa,LT
Litva,LT
Lituânia,LT
Lituania,LT
Lituanie,LT
Litauen,LT
룩셈부르크,LU
Luxembourg,LU
卢森堡,LU
ルクセンブルク,LU
ลักเซมเบิร์ก,LU
लक्ज़मबर्ग,LU
Luksemburg,LU
Luxemburgo,LU
Lussemburgo,LU
Luxemburg,LU
라트비아,LV
Latvia,LV
拉脱维亚,LV
ラトビア,LV
ลัตเวีย,LV
लातविया,LV
Łotwa,LV
Letónia,LV
Letonia,LV
Lettonie,LV
Lettonia,LV
Lettland,LV
리비아,LY
Libya,LY
利比亚,LY
リビア,LY
ลิเบีย,LY
लीबिया,LY
Libia,LY
Líbia,LY
Libye,LY
Libyen,LY
모로코,MA
Morocco,MA
摩洛哥,MA
モロッコ,MA
โมร็อกโก,MA
मोरक्को,MA
Maroko,MA
Maroc,MA
Marrocos,MA
Marruecos,MA
Marocco,MA
Marokko,MA
모나코,MC
Monaco,MC
摩纳哥,MC
モナコ,MC
โมนาโก,MC
मोनाको,MC
Monako,MC
Mónaco,MC
몰도바,MD
Moldova,MD
摩尔多瓦,MD
モルドバ,MD
มอลโดวา,MD
मोल्दोवा,MD
Mołdawia,MD
Moldávia,MD
Moldavia,MD
Moldavie,MD
Moldau,MD
몬테네그로,ME
Montenegro,ME
黑山,ME
モンテネグロ,ME
มอนเตเนโกร,ME
मोंटेनेग्रो,ME
Czarnogóra,ME
Monténégro,ME
세인트마틴,MF
Saint Martin,MF
圣马丁,MF
サン・マルタン,MF
แซ็ง-มาร์탱,MF
सेंट मार्टिन,MF
Saint-Martin,MF
São Martinho,MF
San Martín,MF
마다가스카르,MG
Madagascar,MG
马达加斯加,MG
マダガスカル,MG
มาดากัสการ์,MG
मेडागास्कर,MG
Madagaskar,MG
Madagáscar,MG
마셜 제도,MH
Marshall Islands,MH
马绍尔群岛,MH
マーシャル諸島,MH
หมู่เกาะมาร์แชลล์,MH
मार्शल द्वीपसमूह,MH
Wyspy Marshalla,MH
Quần đảo Marshall,MH
Ilhas Marshall,MH
Islas Marshall,MH
Îles Marshall,MH
Isole Marshall,MH
Marshallinseln,MH
북마케도니아,MK
North Macedonia,MK
北马其顿,MK
北マケドニア,MK
นอร์ทมาซิโดเนีย,MK
उत्तर मैसेडोनिया,MK
Macedonia Północna,MK
Bắc Macedonia,MK
Macedônia do Norte,MK
Macedonia del Norte,MK
Macédoine du Nord,MK
Macedonia del Nord,MK
Nordmazedonien,MK
말리,ML
Mali,ML
马里,ML
マリ,ML
มาลี,ML
माली,ML
Malí,ML
미얀마,MM
Myanmar,MM
缅甸,MM
ミャンマー,MM
เมียนมา,MM
म्यान्मार,MM
Mjanma,MM
Mianmar,MM
몽골,MN
Mongolia,MN
蒙古,MN
モンゴル,MN
มองโกเลีย,MN
मंगोलिया,MN
Mông Cổ,MN
Mongólia,MN
Mongolie,MN
Mongolei,MN
마카오,MO
Macao,MO
澳門,MO
マカオ,MO
มาเก๊า,MO
मकाउ,MO
Makau,MO
Ma Cao,MO
Macau,MO
북마리아나 제도,MP
Northern Mariana Islands,MP
北马里亚纳群岛,MP
北マリアナ諸島,MP
หมู่เกาะนอร์เทิร์นมาเรียนา,MP
उत्तरी मारियाना द्वीपसमूह,MP
Mariany Północne,MP
Quần đảo Bắc Mariana,MP
Ilhas Marianas do Norte,MP
Islas Marianas del Norte,MP
Îles Mariannes du Nord,MP
Isole Marianne Settentrionali,MP
Nördliche Marianen,MP
마르티니크,MQ
Martinique,MQ
马提尼克,MQ
マルティニーク,MQ
มาร์ตินีก,MQ
मार्टीनिक,MQ
Martynika,MQ
Martinica,MQ
모리타니,MR
Mauritania,MR
毛里塔尼亚,MR
モーリタニア,MR
มอริเตเนีย,MR
मॉरिटानिया,MR
Mauretania,MR
Mauritanie,MR
Mauritânia,MR
Mauretanien,MR
몬트세랫,MS
Montserrat,MS
蒙特塞拉特,MS
モントセラト,MS
มอนต์เซอร์รัต,MS
मॉण्टसेराट,MS
Monserrate,MS
몰타,MT
Malta,MT
马耳他,MT
マルタ,MT
มอลตา,MT
माल्टा,MT
Malte,MT
모리셔스,MU
Mauritius,MU
毛里求斯,MU
モーリシャス,MU
มอริเชียส,MU
मॉरीशस,MU
Maurícia,MU
Mauricio,MU
Maurice,MU
몰디브,MV
Maldives,MV
马尔代夫,MV
モルディブ,MV
มัลดีฟส์,MV
मालदीव,MV
Malediwy,MV
Maldivas,MV
Maldive,MV
Malediven,MV
말라위,MW
Malawi,MW
马拉维,MW
マラウイ,MW
มาลาวี,MW
मलावी,MW
Malaui,MW
멕시코,MX
Mexico,MX
墨西哥,MX
メキシコ,MX
เม็กซิโก,MX
मेक्सिको,MX
Meksyk,MX
México,MX
Mexique,MX
Messico,MX
Mexiko,MX
말레이시아,MY
Malaysia,MY
马来西亚,MY
マレーシア,MY
มาเลเซีย,MY
मलेशिया,MY
Malezja,MY
Malásia,MY
Malasia,MY
Malaisie,MY
Malesia,MY
 ,MZ
Mozambique,MZ
莫桑比克,MZ
モザンビーク,MZ
โมซัมบิก,MZ
मोज़ाम्बीक,MZ
Mozambik,MZ
Moçambique,MZ
Mozambico,MZ
Mosambik,MZ
나미비아,
Namibia,
纳米比亚,
ナミビア,
นามิเบีย,
नामीबिया,
Namíbia,
Namibie,
누벨칼레도니,NC
New Caledonia,NC
新喀里多尼亚,NC
ニューカレドニア,NC
นิวแคลิโดเนีย,NC
न्यू कैलेडोनिया,NC
Nowa Kaledonia,NC
Nouvelle-Calédonie,NC
Nova Caledônia,NC
Nueva Caledonia,NC
Nuova Caledonia,NC
Neukaledonien,NC
니제르,NE
Niger,NE
尼日尔,NE
ニジェール,NE
ไนเจอร์,NE
नाइजर,NE
Níger,NE
노퍽섬,NF
Norfolk Island,NF
诺福克岛,NF
ノーフォーク島,NF
เกาะนอร์ฟอล์ก,NF
नॉरफ़ॉक द्वीप,NF
Wyspa Norfolk,NF
Đảo Norfolk,NF
Ilha Norfolk,NF
Isla Norfolk,NF
Île Norfolk,NF
Isola Norfolk,NF
Norfolkinsel,NF
나이지리아,NG
Nigeria,NG
尼日利亚,NG
ナイジェリア,NG
ไนจีเรีย,NG
नाइजीरिया,NG
Nigéria,NG
니카라과,NI
Nicaragua,NI
尼加拉瓜,NI
ニカラグア,NI
นิการากัว,NI
निकारागुआ,NI
Nikaragua,NI
Nicarágua,NI
네덜란드,NL
The Netherlands,NL
荷兰,NL
オランダ,NL
เนเธอร์แลนด์,NL
नीदरलैंड्स,NL
Holandia,NL
Hà Lan,NL
Países Baixos,NL
Países Bajos,NL
Pays-Bas,NL
Paesi Bassi,NL
Niederlande,NL
노르웨이,NO
Norway,NO
挪威,NO
ノルウェー,NO
นอร์เวย์,NO
नॉर्वे,NO
Norwegia,NO
Na Uy,NO
Noruega,NO
Norvège,NO
Norvegia,NO
Norwegen,NO
네팔,NP
Nepal,NP
尼泊尔,NP
ネパール,NP
เนปาล,NP
नेपाल,NP
Népal,NP
나우루,NR
Nauru,NR
瑙鲁,NR
ナウル,NR
นาอูรู,NR
नाउरु,NR
니우에,NU
Niue,NU
纽埃,NU
ニウエ,NU
นีวเว,NU
नीयूए,NU
뉴질랜드,NZ
New Zealand,NZ
新西兰,NZ
ニュージーランド,NZ
นิวซีแลนด์,NZ
न्यूज़ीलैंड,NZ
Nowa Zelandia,NZ
Nova Zelândia,NZ
Nueva Zelanda,NZ
Nouvelle-Zélande,NZ
Nuova Zelanda,NZ
Neuseeland,NZ
오만,OM
Oman,OM
阿曼,OM
オマーン,OM
โอมาน,OM
ओमान,OM
Omã,OM
Omán,OM
파나마,PA
Panama,PA
巴拿马,PA
パナマ,PA
ปานามา,PA
पनामा,PA
Panamá,PA
페루,PE
Peru,PE
秘鲁,PE
ペルー,PE
เปรู,PE
पेरू,PE
Perú,PE
Pérou,PE
Perù,PE
프렌치 폴리네시아,PF
French Polynesia,PF
法属波利尼西亚,PF
フランス領ポリネシア,PF
เฟรนช์พอลินีเชีย,PF
फ़्रान्सीसी पोलीनेशिया,PF
Polinezja Francuska,PF
Polynésie thuộc Pháp,PF
Polinésia Francesa,PF
Polinesia Francesa,PF
Polynésie française,PF
Polinesia francese,PF
Französisch-Polynesien,PF
파푸아뉴기니,PG
Papua New Guinea,PG
巴布亚新几内亚,PG
パプアニューギニア,PG
ปาปัวนิวกินี,PG
पापुआ न्यू गिनी,PG
Papua-Nowa Gwinea,PG
Papua-Nova Guiné,PG
Papúa Nueva Guinea,PG
Papouasie-Nouvelle-Guinée,PG
Papua Nuova Guinea,PG
Papua-Neuguinea,PG
필리핀,PH
Philippines,PH
菲律宾,PH
フィリピン,PH
ฟิลิปปินส์,PH
फ़िलीपीन्स,PH
Filipiny,PH
Filipinas,PH
Filippine,PH
Philippinen,PH
파키스탄,PK
Pakistan,PK
巴基斯坦,PK
パキスタン,PK
ปากีสถาน,PK
पाकिस्तान,PK
Paquistão,PK
Pakistán,PK
폴란드,PL
Poland,PL
波兰,PL
ポーランド,PL
โปแลนด์,PL
पोलैंड,PL
Polska,PL
Ba Lan,PL
Polônia,PL
Polonia,PL
Pologne,PL
Polen,PL
생피에르 미클롱,PM
Saint Pierre and Miquelon,PM
圣皮埃尔和密克隆,PM
サンピエール・エ・ミクロン,PM
แซงปีแยร์และมีเกอลง,PM
सेंट पियरे एंड मिकेलॉन,PM
Saint-Pierre i Miquelon,PM
Saint-Pierre và Miquelon,PM
São Pedro e Miquelão,PM
San Pedro y Miquelón,PM
Saint-Pierre-et-Miquelon,PM
Saint-Pierre e Miquelon,PM
Saint-Pierre und Miquelon,PM
핏케언,PN
Pitcairn,PN
皮特凯恩,PN
ピトケアン,PN
พิตแคร์น,PN
पिटकेर्न,PN
푸에르토리코,PR
Puerto Rico,PR
波多黎各,PR
プエルトリコ,PR
ปวยร์โตรีโก,PR
प्युर्तो रिको,PR
Portoryko,PR
Porto Rico,PR
팔레스타인,PS
Palestine,PS
巴勒斯坦,PS
パレスチナ,PS
ปาเลสไตน์,PS
फ़िलिस्तीन,PS
Palestyna,PS
Palestina,PS
Palästina,PS
포르투갈,PT
Portugal,PT
葡萄牙,PT
ポルトガル,PT
โปรตุเกส,PT
पुर्तगाल,PT
Portugalia,PT
Bồ Đào Nha,PT
Portogallo,PT
팔라우,PW
Palau,PW
帕劳,PW
パラオ,PW
ปาเลา,PW
पलाऊ,PW
Palaos,PW
파라과이,PY
Paraguay,PY
巴拉圭,PY
パラグアイ,PY
ปารากวัย,PY
पराग्वे,PY
Paragwaj,PY
Paraguai,PY
카타르,QA
Qatar,QA
卡塔尔,QA
カタール,QA
กาตาร์,QA
क़तर,QA
Katar,QA
Catar,QA
레위니옹,RE
Reunion,RE
留尼汪,RE
レユニオン,RE
เรอูนียง,RE
रेयूनियों,RE
Réunion,RE
Reunião,RE
Reunión,RE
Riunione,RE
루마니아,RO
Romania,RO
罗马尼亚,RO
ルーマニア,RO
โรมาเนีย,RO
रोमानिया,RO
Rumunia,RO
România,RO
Roménia,RO
Rumania,RO
Roumanie,RO
Rumänien,RO
세르비아,RS
Serbia,RS
塞尔维亚,RS
セルビア,RS
เซอร์เบีย,RS
सर्बिया,RS
Sérvia,RS
Serbie,RS
Serbien,RS
러시아,RU
Russia,RU
俄罗斯,RU
ロシア,RU
รัสเซีย,RU
रूस,RU
Rosja,RU
Nga,RU
Rússia,RU
Rusia,RU
Russie,RU
Russland,RU
르완다,RW
Rwanda,RW
卢旺达,RW
ルワンダ,RW
รวันดา,RW
रवांडा,RW
Ruanda,RW
사우디아라비아,SA
Saudi Arabia,SA
沙特阿拉伯,SA
サウジアラビア,SA
ซาอุดีอาระเบีย,SA
सउदी अरब,SA
Arabia Saudyjska,SA
Ả Rập Xê Út,SA
Arábia Saudita,SA
Arabia Saudita,SA
Arabie saoudite,SA
Saudi-Arabien,SA
솔로몬 제도,SB
Solomon Islands,SB
所罗门群岛,SB
ソロモン諸島,SB
หมู่เกาะโซโลมอน,SB
सोलोमन द्वीप,SB
Wyspy Salomona,SB
Quần đảo Solomon,SB
Ilhas Salomão,SB
Islas Salomón,SB
Îles Salomon,SB
Isole Salomone,SB
Salomonen,SB
세이셸,SC
Seychelles,SC
塞舌尔,SC
セーシェル,SC
เซเชลส์,SC
सेशेल्स,SC
Seszele,SC
Seicheles,SC
Seychellen,SC
수단,SD
Sudan,SD
苏丹,SD
スーダン,SD
ซูดาน,SD
सूडान,SD
Sudão,SD
Sudán,SD
Soudan,SD
남수단,SS
South Sudan,SS
南苏丹,SS
南スーダン,SS
ซูดานใต้,SS
दक्षिणी सूडान,SS
Sudan Południowy,SS
Nam Sudan,SS
Sudão do Sul,SS
Sudán del Sur,SS
Soudan du Sud,SS
Sud Sudan,SS
Südsudan,SS
스웨덴,SE
Sweden,SE
瑞典,SE
スウェーデン,SE
สวีเดน,SE
स्वीडन,SE
Szwecja,SE
Thụy Điển,SE
Suécia,SE
Suecia,SE
Suède,SE
Svezia,SE
Schweden,SE
싱가포르,SG
Singapore,SG
新加坡,SG
シンガポール,SG
สิงคโปร์,SG
सिंगापुर,SG
Singapur,SG
Singapura,SG
Singapour,SG
세인트헬레나,SH
Saint Helena,SH
圣赫勒拿,SH
セントヘレナ,SH
เซนต์เฮเลนา,SH
सेंट हेलेना,SH
Święta Helena,SH
Santa Helena,SH
Santa Elena,SH
Sainte-Hélène,SH
Sant'Elena,SH
St. Helena,SH
슬로베니아,SI
Slovenia,SI
斯洛文尼亚,SI
スロベニア,SI
สโลวีเนีย,SI
स्लोवेनिया,SI
Słowenia,SI
Eslovênia,SI
Eslovenia,SI
Slovénie,SI
Slowenien,SI
스발바르 얀마옌,SJ
Svalbard and Jan Mayen,SJ
斯瓦尔巴和扬马延,SJ
スヴァールバル諸島およびヤンマイエン島,SJ
สฟาลบาร์และยานไมเอน,SJ
स्वालबार्ड और यान मायेन,SJ
Svalbard i Jan Mayen,SJ
Svalbard và Jan Mayen,SJ
Svalbard e Jan Mayen,SJ
Svalbard y Jan Mayen,SJ
Svalbard et Jan Mayen,SJ
Svalbard und Jan Mayen,SJ
슬로바키아,SK
Slovakia,SK
斯洛伐克,SK
スロバキア,SK
สโลวาเกีย,SK
स्लोवाकिया,SK
Słowacja,SK
Eslováquia,SK
Eslovaquia,SK
Slovaquie,SK
Slovacchia,SK
Slowakei,SK
시에라리온,SL
Sierra Leone,SL
塞拉利昂,SL
シエラレオネ,SL
เซียร์ราลีโอน,SL
सिएरा लियोन,SL
Serra Leoa,SL
Sierra Leona,SL
산마리노,SM
San Marino,SM
圣马力诺,SM
サンマリノ,SM
ซานมารีโน,SM
सान मारिनो,SM
Saint-Marin,SM
세네갈,SN
Senegal,SN
塞内加尔,SN
セネガル,SN
เซเนกัล,SN
सेनेगल,SN
Sénégal,SN
소말리아,SO
Somalia,SO
索马里,SO
ソマリア,SO
โซมาเลีย,SO
सोमालिया,SO
Somália,SO
Somalie,SO
수리남,SR
Suriname,SR
苏里南,SR
スリナム,SR
ซูรินาม,SR
सूरीनाम,SR
Surinam,SR
상투메 프린시페,ST
Sao Tome and Principe,ST
圣多美和普林西比,ST
サントメ・プリンシペ,ST
เซาตูเมและปรินซีปี,ST
साओ तोमे और प्रिन्सिपी,ST
Wyspy Świętego Tomasza i Książęca,ST
São Tomé và Príncipe,ST
São Tomé e Príncipe,ST
Santo Tomé y Príncipe,ST
Sao Tomé-et-Principe,ST
São Tomé und Príncipe,ST
엘살바도르,SV
El Salvador,SV
萨尔瓦多,SV
エルサルバドル,SV
เอลซัลวาดอร์,SV
एल साल्वाडोर,SV
Salwador,SV
Salvador,SV
신트마르턴,SX
Sint Maarten,SX
荷属圣马丁,SX
シント・マールテン,SX
ซินต์มาร์เติน,SX
सिंट मार्टेन,SX
시리아,SY
Syria,SY
叙利亚,SY
シリア,SY
ซีเรีย,SY
सीरिया,SY
Síria,SY
Siria,SY
Syrie,SY
Syrien,SY
에스와티니,SZ
Eswatini,SZ
史瓦帝尼,SZ
エスワティニ,SZ
เอสวาตินี,SZ
एस्वातीनी,SZ
Essuatíni,SZ
Esuatini,SZ
터크스 케이커스 제도,TC
Turks and Caicos Islands,TC
特克斯和凯科斯群岛,TC
タークス・カイコス諸島,TC
หมู่เกาะเติกส์และเคคอส,TC
तुर्क और कैकोस द्वीपसमूह,TC
Turks i Caicos,TC
Quần đảo Turks và Caicos,TC
Ilhas Turcas e Caicos,TC
Islas Turcas y Caicos,TC
Îles Turques-et-Caïques,TC
Isole Turks e Caicos,TC
Turks- und Caicosinseln,TC
차드,TD
Chad,TD
乍得,TD
チャド,TD
ชาด,TD
चाड,TD
Czad,TD
Tchad,TD
Chade,TD
Ciad,TD
Tschad,TD
프랑스령 남방 및 남극 지역,TF
French Southern Territories,TF
法属南部和南极领地,TF
フランス領南方・南極地域,TF
เฟรนช์เซาเทิร์นและแอนตาร์กติกแลนดส์,TF
फ़्रान्सीसी दक्षिणी और अंटार्कटिक भूमि,TF
Francuskie Terytoria Południowe i Antarktyczne,TF
Vùng đất phía Nam và châu Nam Cực thuộc Pháp,TF
Terras Austrais e Antárticas Francesas,TF
Tierras Australes y Antárticas Francesas,TF
Terres australes et antarctiques françaises,TF
Terre australi e antartiche francesi,TF
Französische Süd- und Antarktisgebiete,TF
토고,TG
Togo,TG
多哥,TG
トーゴ,TG
โตโก,TG
टोगो,TG
태국,TH
Thailand,TH
泰国,TH
タイ,TH
ประเทศไทย,TH
थाईलैंड,TH
Tajlandia,TH
Thái Lan,TH
Tailândia,TH
Tailandia,TH
Thaïlande,TH
타지키스탄,TJ
Tajikistan,TJ
塔吉克斯坦,TJ
タジキスタン,TJ
ทาจิกิสถาน,TJ
ताजिकिस्तान,TJ
Tadżykistan,TJ
Tajiquistão,TJ
Tayikistán,TJ
Tadjikistan,TJ
Tagikistan,TJ
Tadschikistan,TJ
토켈라우,TK
Tokelau,TK
托克劳,TK
トケラウ,TK
โตเกเลา,TK
तोकेलाउ,TK
동티모르,TL
Timor-Leste,TL
东帝汶,TL
東ティモール,TL
ติมอร์-เลสเต,TL
तिमोर-लेस्ते,TL
Timor Wschodni,TL
Đông Timor,TL
Timor Oriental,TL
Timor oriental,TL
Timor Est,TL
Osttimor,TL
투르크메니스탄,TM
Turkmenistan,TM
土库曼斯坦,TM
トルクメニスタン,TM
เติร์กเมนิสถาน,TM
तुर्कमेनिस्तान,TM
Turcomenistão,TM
Turkmenistán,TM
Turkménistan,TM
튀니지,TN
Tunisia,TN
突尼斯,TN
チュニジア,TN
ตูนิเซีย,TN
ट्यूनीशिया,TN
Tunezja,TN
Tunísia,TN
Túnez,TN
Tunisie,TN
Tunesien,TN
통가,TO
Tonga,TO
汤加,TO
トンガ,TO
ตองงา,TO
टोंगा,TO
튀르키예,TR
Turkey,TR
土耳其,TR
トルコ,TR
ตุรกี,TR
तुर्की,TR
Turcja,TR
Thổ Nhĩ Kỳ,TR
Turquia,TR
Turquía,TR
Turquie,TR
Turchia,TR
Türkei,TR
트리니다드 토바고,TT
Trinidad and Tobago,TT
特立尼达和多巴哥,TT
トリニダード・トバゴ,TT
ตรินิแดดและโตเบโก,TT
त्रिनिदाद और टोबैगो,TT
Trynidad i Tobago,TT
Trinidad và Tobago,TT
Trindade e Tobago,TT
Trinidad y Tobago,TT
Trinité-et-Tobago,TT
Trinidad e Tobago,TT
Trinidad und Tobago,TT
투발루,TV
Tuvalu,TV
图瓦卢,TV
ツバル,TV
ตูวาลู,TV
तुवालू,TV
타이완,TW
대만,TW
Taiwan,TW
台湾,TW
ไต้หวัน,TW
ताइवान,TW
Tajwan,TW
Đài Loan,TW
Taiwán,TW
Taïwan,TW
탄자니아,TZ
Tanzania,TZ
坦桑尼亚,TZ
タンザニア,TZ
แทนซาเนีย,TZ
तंज़ानिया,TZ
Tanzânia,TZ
Tanzanie,TZ
Tansania,TZ
우크라이나,UA
Ukraine,UA
乌克兰,UA
ウクライナ,UA
ยูเครน,UA
यूक्रेन,UA
Ukraina,UA
Ucrânia,UA
Ucrania,UA
Ucraina,UA
우간다,UG
Uganda,UG
乌干达,UG
ウガンダ,UG
ยูกันดา,UG
युगांडा,UG
Ouganda,UG
미국령 군소 제도,UM
United States Minor Outlying Islands,UM
美國本土外小島嶼,UM
合衆国領有小離島,UM
เกาะเล็กรอบนอกของสหรัฐอเมริกา,UM
संयुक्त राज्य अमेरिका के छोटे दूरस्थ द्वीप,UM
Dalekie Wyspy Mniejsze Stanów Zjednoczonych,UM
Các tiểu đảo xa của Hoa Kỳ,UM
Ilhas Menores Distantes dos Estados Unidos,UM
Islas Ultramarinas Menores de Estados Unidos,UM
Îles mineures éloignées des États-Unis,UM
Isole minori esterne degli Stati Uniti d'America,UM
미국,US
USA,US
United States,US
美国,US
アメリカ合衆国,US
สหรัฐอเมริกา,US
संयुक्त राज्य अमेरिका,US
Stany Zjednoczone,US
Hoa Kỳ,US
Estados Unidos,US
États-Unis,US
Stati Uniti,US
Vereinigte Staaten,US
우루과이,UY
Uruguay,UY
乌拉圭,UY
ウルグアイ,UY
อุรุกวัย,UY
उरुग्वे,UY
Urugwaj,UY
Uruguai,UY
우즈베키스탄,UZ
Uzbekistan,UZ
乌兹别克斯坦,UZ
ウズベキスタン,UZ
อุซเบกิสถาน,UZ
उज़्बेकिस्तान,UZ
Uzbequistão,UZ
Uzbekistán,UZ
Ouzbékistan,UZ
Usbekistan,UZ
바티칸,VA
Vatican,VA
梵蒂冈,VA
バチカン,VA
วาติกัน,VA
वेटिकन,VA
Watykan,VA
Vaticano,VA
Vatikan,VA
세인트빈센트 그레나딘,VC
Saint Vincent and the Grenadines,VC
圣文森特和格林纳丁斯,VC
セントビンセントおよびグレナディーン諸島,VC
เซนต์วินเซนต์และเกรนาดีนส์,VC
सेंट विंसेंट और ग्रेनेडाइंस,VC
Saint Vincent i Grenadyny,VC
Saint Vincent và Grenadines,VC
São Vicente e Granadinas,VC
San Vicente y las Granadinas,VC
Saint-Vincent-et-les-Grenadines,VC
Saint Vincent e Grenadine,VC
St. Vincent und die Grenadinen,VC
베네수엘라,VE
Venezuela,VE
委内瑞拉,VE
ベネズエラ,VE
เวเนซุเอลา,VE
वेनेज़ुएला,VE
Wenezuela,VE
영국령 버진아일랜드,VG
British Virgin Islands,VG
英属维尔京群岛,VG
イギリス領ヴァージン諸島,VG
หมู่เกาะบริติชเวอร์จิน,VG
ब्रिटिश वर्जिन द्वीपसमूह,VG
Brytyjskie Wyspy Dziewicze,VG
Quần đảo Virgin thuộc Anh,VG
Ilhas Virgens Britânicas,VG
Islas Vírgenes Británicas,VG
Îles Vierges britanniques,VG
Isole Vergini britanniche,VG
Britische Jungferninseln,VG
미국령 버진아일랜드,VI
U.S. Virgin Islands,VI
美属维尔京群岛,VI
アメリカ領ヴァージン諸島,VI
หมู่เกาะเวอร์จินของสหรัฐ,VI
अमेरिकी वर्जिन द्वीपसमूह,VI
Wyspy Dziewicze Stanów Zjednoczonych,VI
Quần đảo Virgin thuộc Mỹ,VI
Ilhas Virgens Americanas,VI
Islas Vírgenes de los Estados Unidos,VI
Îles Vierges des États-Unis,VI
Isole Vergini Americane,VI
Amerikanische Jungferninseln,VI
베트남,VN
Vietnam,VN
越南,VN
ベトナム,VN
เวียดนาม,VN
वियतनाम,VN
Wietnam,VN
Việt Nam,VN
Vietnã,VN
바누아투,VU
Vanuatu,VU
瓦努阿图,VU
バヌアツ,VU
วานูอาตู,VU
वानुअतु,VU
왈리스 푸투나,WF
Wallis and Futuna,WF
瓦利斯和富图纳,WF
ウォリス・フツナ,WF
วอลิสและฟูตูนา,WF
वालिस और फ़्यूचूना,WF
Wallis i Futuna,WF
Wallis và Futuna,WF
Wallis e Futuna,WF
Wallis y Futuna,WF
Wallis-et-Futuna,WF
Wallis und Futuna,WF
사모아,WS
Samoa,WS
萨摩亚,WS
サモア,WS
ซามัว,WS
सामोआ,WS
예멘,YE
Yemen,YE
也门,YE
イエメン,YE
เยเมน,YE
यमन,YE
Jemen,YE
Iémen,YE
Yémen,YE
마요트,YT
Mayotte,YT
马约特,YT
マヨット,YT
มายอต,YT
मायोत,YT
Majotta,YT
Maiote,YT
남아프리카 공화국,ZA
South Africa,ZA
南非,ZA
南アフリカ共和国,ZA
แอฟริกาใต้,ZA
दक्षिण अफ़्रीका,ZA
Południowa Afryka,ZA
Nam Phi,ZA
África do Sul,ZA
Sudáfrica,ZA
Afrique du Sud,ZA
Sudafrica,ZA
Südafrika,ZA
잠비아,ZM
Zambia,ZM
赞比亚,ZM
ザンビア,ZM
แซมเบีย,ZM
ज़ाम्बिया,ZM
Zâmbia,ZM
Zambie,ZM
Sambia,ZM
짐바브웨,ZW
Zimbabwe,ZW
津巴布韦,ZW
ジンバブエ,ZW
ซิมบับเว,ZW
ज़िम्बाब्वे,ZW
Zimbábue,ZW
Zimbabue,ZW
Simbabwe,ZW
세르비아 몬테네그로,CS
Serbia and Montenegro,CS
塞尔维亚和黑山,CS
セルビア・モンテネグロ,CS
เซอร์เบียและมอนเตเนโกร,CS
सर्बिया और मोंटेनीग्रो,CS
Serbia i Czarnogóra,CS
Serbia và Montenegro,CS
Sérvia e Montenegro,CS
Serbia y Montenegro,CS
Serbie-et-Monténégro,CS
Serbia e Montenegro,CS
Serbien und Montenegro,CS
네덜란드령 안틸레스,AN
Netherlands Antilles,AN
荷屬安的列斯,AN
オランда領アンティル,AN
เนเธอร์แลนด์แอนทิลลีส,AN
नीदरलैंड्स एंटाइल्स,AN
Antyle Holenderskie,AN
Antilles thuộc Hà Lan,AN
Antilhas Neerlandesas,AN
Antillas Neerlandesas,AN
Antilles néerlandaises,AN
Antille Olandesi,AN
Niederländische Antillen,AN
잉글랜드,GB
스코틀랜드,GB
웨일스,GB
북아일랜드,GB
England,GB
Scotland,GB
Wales,GB
Northern Ireland,GB
英格兰,GB
苏格兰,GB
威尔士,GB
北爱尔兰,GB
イングランド,GB
スコットランド,GB
ウェールズ,GB
北アイルランド,GB
Schottland,GB
Nordirland,GB
Angleterre,GB
Écosse,GB
Pays de Galles,GB
Irlande du Nord,GB
Inglaterra,GB
Escocia,GB
Gales,GB
Irlanda del Norte,GB
Inghilterra,GB
Scozia,GB
Galles,GB
Irlanda del Nord,GB
Escócia,GB
País de Gales,GB
Irlanda do Norte,GB
อังกฤษ,GB
สกอตแลนด์,GB
เวลส์,GB
ไอร์แลนด์เหนือ,GB
Nước Anh,GB
Xứ Wales,GB
Bắc Ireland,GB
Anglia,GB
Szkocja,GB
Walia,GB
Irlandia Północna,GB
इंग्लैंड,GB
स्कॉटलैंड,GB
वेल्स,GB
उत्तरी आयरलैंड,GB
